gene_id,Dominant_AZ1,Dominant_AZ2,Dominant_AZ3,AZ1_Dominant_TMM,AZ2_Dominant_TMM,AZ3_Dominant_TMM
TRINITY_DN696364_c0_g2,TRINITY_DN696364_c0_g2_i15,TRINITY_DN696364_c0_g2_i10,TRINITY_DN696364_c0_g2_i9,3.268,7.397,200.383
TRINITY_DN695985_c2_g1,TRINITY_DN695985_c2_g1_i20,TRINITY_DN695985_c2_g1_i20,TRINITY_DN695985_c2_g1_i6,5.349,11.698,62.142
TRINITY_DN698466_c1_g1,TRINITY_DN698466_c1_g1_i1,TRINITY_DN698466_c1_g1_i4,TRINITY_DN698466_c1_g1_i26,11.029,53.074,35.642
TRINITY_DN694476_c0_g1,TRINITY_DN694476_c0_g1_i20,TRINITY_DN694476_c0_g1_i16,TRINITY_DN694476_c0_g1_i16,0.722,3.718,1.052
TRINITY_DN695113_c1_g1,TRINITY_DN695113_c1_g1_i22,TRINITY_DN695113_c1_g1_i10,TRINITY_DN695113_c1_g1_i1,0.496,3.377,1.467
TRINITY_DN695934_c2_g1,TRINITY_DN695934_c2_g1_i17,TRINITY_DN695934_c2_g1_i14,TRINITY_DN695934_c2_g1_i7,2.663,23.402,4.698
TRINITY_DN699084_c0_g2,TRINITY_DN699084_c0_g2_i23,TRINITY_DN699084_c0_g2_i15,TRINITY_DN699084_c0_g2_i23,0.815,4.058,1.669
TRINITY_DN689760_c0_g1,TRINITY_DN689760_c0_g1_i19,TRINITY_DN689760_c0_g1_i10,TRINITY_DN689760_c0_g1_i10,2.148,12.904,4.861
TRINITY_DN692617_c1_g1,TRINITY_DN692617_c1_g1_i19,TRINITY_DN692617_c1_g1_i17,TRINITY_DN692617_c1_g1_i19,0.729,3.406,0.997
TRINITY_DN700028_c5_g1,TRINITY_DN700028_c5_g1_i6,TRINITY_DN700028_c5_g1_i15,TRINITY_DN700028_c5_g1_i6,0.499,3.868,2.572
TRINITY_DN696535_c4_g2,TRINITY_DN696535_c4_g2_i7,TRINITY_DN696535_c4_g2_i15,TRINITY_DN696535_c4_g2_i15,6.979,110.759,33.494
TRINITY_DN695469_c1_g1,TRINITY_DN695469_c1_g1_i10,TRINITY_DN695469_c1_g1_i1,TRINITY_DN695469_c1_g1_i10,8.285,72.281,23.867
TRINITY_DN696298_c2_g1,TRINITY_DN696298_c2_g1_i18,TRINITY_DN696298_c2_g1_i9,TRINITY_DN696298_c2_g1_i4,0.498,1.933,1.288
TRINITY_DN697360_c2_g1,TRINITY_DN697360_c2_g1_i6,TRINITY_DN697360_c2_g1_i14,TRINITY_DN697360_c2_g1_i7,0.712,5.744,1.686
TRINITY_DN697245_c0_g1,TRINITY_DN697245_c0_g1_i8,TRINITY_DN697245_c0_g1_i20,TRINITY_DN697245_c0_g1_i6,0.523,4.871,0.604
TRINITY_DN690749_c7_g2,TRINITY_DN690749_c7_g2_i6,TRINITY_DN690749_c7_g2_i9,TRINITY_DN690749_c7_g2_i13,0.285,2.03,0.499
TRINITY_DN695116_c0_g1,TRINITY_DN695116_c0_g1_i10,TRINITY_DN695116_c0_g1_i10,TRINITY_DN695116_c0_g1_i13,0.534,4.029,0.916
TRINITY_DN696245_c4_g1,TRINITY_DN696245_c4_g1_i7,TRINITY_DN696245_c4_g1_i8,TRINITY_DN696245_c4_g1_i8,0.386,2.311,1.256
TRINITY_DN699989_c5_g1,TRINITY_DN699989_c5_g1_i8,TRINITY_DN699989_c5_g1_i18,TRINITY_DN699989_c5_g1_i18,0.297,6.019,0.855
TRINITY_DN695611_c4_g1,TRINITY_DN695611_c4_g1_i14,TRINITY_DN695611_c4_g1_i11,TRINITY_DN695611_c4_g1_i8,0.456,7.202,1.87
TRINITY_DN697767_c2_g1,TRINITY_DN697767_c2_g1_i11,TRINITY_DN697767_c2_g1_i10,TRINITY_DN697767_c2_g1_i16,2.728,12.914,99.174
TRINITY_DN695552_c3_g1,TRINITY_DN695552_c3_g1_i8,TRINITY_DN695552_c3_g1_i2,TRINITY_DN695552_c3_g1_i3,0.295,3.188,1.571
TRINITY_DN699436_c5_g3,TRINITY_DN699436_c5_g3_i16,TRINITY_DN699436_c5_g3_i4,TRINITY_DN699436_c5_g3_i13,0.493,3.344,0.378
TRINITY_DN697366_c4_g3,TRINITY_DN697366_c4_g3_i7,TRINITY_DN697366_c4_g3_i15,TRINITY_DN697366_c4_g3_i15,0.429,2.332,0.325
TRINITY_DN697261_c6_g1,TRINITY_DN697261_c6_g1_i18,TRINITY_DN697261_c6_g1_i2,TRINITY_DN697261_c6_g1_i8,0.574,3.158,0.886
TRINITY_DN694356_c6_g2,TRINITY_DN694356_c6_g2_i14,TRINITY_DN694356_c6_g2_i16,TRINITY_DN694356_c6_g2_i10,0.319,0.444,7.039
TRINITY_DN700217_c2_g2,TRINITY_DN700217_c2_g2_i3,TRINITY_DN700217_c2_g2_i9,TRINITY_DN700217_c2_g2_i1,0.321,4.914,2.136
TRINITY_DN694469_c11_g1,TRINITY_DN694469_c11_g1_i15,TRINITY_DN694469_c11_g1_i1,TRINITY_DN694469_c11_g1_i13,0.331,0.609,8.85
TRINITY_DN696301_c0_g1,TRINITY_DN696301_c0_g1_i15,TRINITY_DN696301_c0_g1_i10,TRINITY_DN696301_c0_g1_i8,2.519,12.761,1.95
TRINITY_DN694685_c1_g1,TRINITY_DN694685_c1_g1_i7,TRINITY_DN694685_c1_g1_i17,TRINITY_DN694685_c1_g1_i3,0.502,3.773,0.707
TRINITY_DN695660_c1_g1,TRINITY_DN695660_c1_g1_i6,TRINITY_DN695660_c1_g1_i15,TRINITY_DN695660_c1_g1_i3,0.421,2.298,1.205
TRINITY_DN698066_c6_g1,TRINITY_DN698066_c6_g1_i1,TRINITY_DN698066_c6_g1_i1,TRINITY_DN698066_c6_g1_i4,0.395,3.251,0.789
TRINITY_DN698838_c0_g1,TRINITY_DN698838_c0_g1_i10,TRINITY_DN698838_c0_g1_i3,TRINITY_DN698838_c0_g1_i16,0.498,2.47,1.377
TRINITY_DN696363_c2_g1,TRINITY_DN696363_c2_g1_i16,TRINITY_DN696363_c2_g1_i4,TRINITY_DN696363_c2_g1_i14,7.67,7.28,187.1
TRINITY_DN690930_c3_g1,TRINITY_DN690930_c3_g1_i2,TRINITY_DN690930_c3_g1_i14,TRINITY_DN690930_c3_g1_i5,5.312,9.723,165.845
TRINITY_DN695615_c3_g1,TRINITY_DN695615_c3_g1_i11,TRINITY_DN695615_c3_g1_i2,TRINITY_DN695615_c3_g1_i7,0.565,7.421,1.457
TRINITY_DN699259_c1_g1,TRINITY_DN699259_c1_g1_i9,TRINITY_DN699259_c1_g1_i5,TRINITY_DN699259_c1_g1_i7,76.682,3.61,8.635
TRINITY_DN688649_c6_g1,TRINITY_DN688649_c6_g1_i15,TRINITY_DN688649_c6_g1_i11,TRINITY_DN688649_c6_g1_i13,0.69,5.329,0.793
TRINITY_DN699413_c1_g1,TRINITY_DN699413_c1_g1_i6,TRINITY_DN699413_c1_g1_i6,TRINITY_DN699413_c1_g1_i10,0.432,6.081,0.944
TRINITY_DN698617_c4_g1,TRINITY_DN698617_c4_g1_i2,TRINITY_DN698617_c4_g1_i6,TRINITY_DN698617_c4_g1_i6,0.496,5.18,1.744
TRINITY_DN698309_c2_g1,TRINITY_DN698309_c2_g1_i14,TRINITY_DN698309_c2_g1_i5,TRINITY_DN698309_c2_g1_i14,1.246,6.168,1.553
TRINITY_DN696282_c4_g1,TRINITY_DN696282_c4_g1_i9,TRINITY_DN696282_c4_g1_i2,TRINITY_DN696282_c4_g1_i2,0.428,9.955,1.901
TRINITY_DN699885_c11_g1,TRINITY_DN699885_c11_g1_i2,TRINITY_DN699885_c11_g1_i7,TRINITY_DN699885_c11_g1_i7,0.333,24.446,3.208
TRINITY_DN695669_c2_g2,TRINITY_DN695669_c2_g2_i8,TRINITY_DN695669_c2_g2_i11,TRINITY_DN695669_c2_g2_i10,1.517,23.401,7.955
TRINITY_DN699105_c0_g2,TRINITY_DN699105_c0_g2_i3,TRINITY_DN699105_c0_g2_i8,TRINITY_DN699105_c0_g2_i3,1.326,34.93,5.717
TRINITY_DN697359_c2_g1,TRINITY_DN697359_c2_g1_i15,TRINITY_DN697359_c2_g1_i11,TRINITY_DN697359_c2_g1_i5,6.425,2.154,200.639
TRINITY_DN698603_c2_g1,TRINITY_DN698603_c2_g1_i7,TRINITY_DN698603_c2_g1_i1,TRINITY_DN698603_c2_g1_i14,0.386,1.712,0.253
TRINITY_DN698750_c14_g1,TRINITY_DN698750_c14_g1_i13,TRINITY_DN698750_c14_g1_i2,TRINITY_DN698750_c14_g1_i14,1.055,16.982,2.776
TRINITY_DN696837_c1_g1,TRINITY_DN696837_c1_g1_i2,TRINITY_DN696837_c1_g1_i2,TRINITY_DN696837_c1_g1_i9,12.959,4.418,1.76
TRINITY_DN698500_c14_g1,TRINITY_DN698500_c14_g1_i3,TRINITY_DN698500_c14_g1_i14,TRINITY_DN698500_c14_g1_i14,1.825,27.692,3.753
TRINITY_DN699062_c6_g2,TRINITY_DN699062_c6_g2_i8,TRINITY_DN699062_c6_g2_i4,TRINITY_DN699062_c6_g2_i2,0.223,2.137,0.696
TRINITY_DN698981_c0_g1,TRINITY_DN698981_c0_g1_i9,TRINITY_DN698981_c0_g1_i9,TRINITY_DN698981_c0_g1_i5,0.301,6.463,0.758
TRINITY_DN698842_c4_g2,TRINITY_DN698842_c4_g2_i8,TRINITY_DN698842_c4_g2_i13,TRINITY_DN698842_c4_g2_i1,0.464,6.64,1.518
TRINITY_DN698312_c3_g1,TRINITY_DN698312_c3_g1_i2,TRINITY_DN698312_c3_g1_i12,TRINITY_DN698312_c3_g1_i12,6.408,8.96,1.754
TRINITY_DN692914_c14_g1,TRINITY_DN692914_c14_g1_i13,TRINITY_DN692914_c14_g1_i3,TRINITY_DN692914_c14_g1_i5,0.236,5.753,0.777
TRINITY_DN696862_c3_g3,TRINITY_DN696862_c3_g3_i12,TRINITY_DN696862_c3_g3_i14,TRINITY_DN696862_c3_g3_i2,4.313,24.893,111.656
TRINITY_DN697536_c3_g1,TRINITY_DN697536_c3_g1_i4,TRINITY_DN697536_c3_g1_i13,TRINITY_DN697536_c3_g1_i13,0.246,1.801,0.642
TRINITY_DN699765_c6_g3,TRINITY_DN699765_c6_g3_i6,TRINITY_DN699765_c6_g3_i12,TRINITY_DN699765_c6_g3_i2,1.037,34.168,2.188
TRINITY_DN695957_c1_g2,TRINITY_DN695957_c1_g2_i9,TRINITY_DN695957_c1_g2_i2,TRINITY_DN695957_c1_g2_i11,6.554,60.307,11.617
TRINITY_DN695655_c1_g1,TRINITY_DN695655_c1_g1_i9,TRINITY_DN695655_c1_g1_i9,TRINITY_DN695655_c1_g1_i6,10.77,14.405,124.147
TRINITY_DN697762_c5_g1,TRINITY_DN697762_c5_g1_i6,TRINITY_DN697762_c5_g1_i9,TRINITY_DN697762_c5_g1_i11,2.999,2.752,197.167
TRINITY_DN697779_c3_g1,TRINITY_DN697779_c3_g1_i6,TRINITY_DN697779_c3_g1_i8,TRINITY_DN697779_c3_g1_i6,0.485,51.655,7.078
TRINITY_DN695355_c2_g1,TRINITY_DN695355_c2_g1_i1,TRINITY_DN695355_c2_g1_i7,TRINITY_DN695355_c2_g1_i1,0.597,4.292,1.114
TRINITY_DN695727_c5_g3,TRINITY_DN695727_c5_g3_i7,TRINITY_DN695727_c5_g3_i11,TRINITY_DN695727_c5_g3_i6,0.518,2.267,0.395
TRINITY_DN700241_c8_g1,TRINITY_DN700241_c8_g1_i4,TRINITY_DN700241_c8_g1_i1,TRINITY_DN700241_c8_g1_i4,0.309,2.207,0.65
TRINITY_DN699997_c2_g1,TRINITY_DN699997_c2_g1_i6,TRINITY_DN699997_c2_g1_i10,TRINITY_DN699997_c2_g1_i6,0.772,6.148,0.604
TRINITY_DN696713_c3_g2,TRINITY_DN696713_c3_g2_i2,TRINITY_DN696713_c3_g2_i3,TRINITY_DN696713_c3_g2_i2,0.728,3.239,1.246
TRINITY_DN699407_c2_g1,TRINITY_DN699407_c2_g1_i4,TRINITY_DN699407_c2_g1_i11,TRINITY_DN699407_c2_g1_i11,1.936,20.904,5.034
TRINITY_DN698947_c0_g1,TRINITY_DN698947_c0_g1_i9,TRINITY_DN698947_c0_g1_i9,TRINITY_DN698947_c0_g1_i10,0.958,6.745,1.068
TRINITY_DN693280_c0_g1,TRINITY_DN693280_c0_g1_i1,TRINITY_DN693280_c0_g1_i3,TRINITY_DN693280_c0_g1_i2,4.228,37.518,18.784
TRINITY_DN699782_c2_g1,TRINITY_DN699782_c2_g1_i2,TRINITY_DN699782_c2_g1_i2,TRINITY_DN699782_c2_g1_i3,0.219,2.746,0.527
TRINITY_DN694130_c6_g2,TRINITY_DN694130_c6_g2_i3,TRINITY_DN694130_c6_g2_i3,TRINITY_DN694130_c6_g2_i2,0.303,3.752,2.165
TRINITY_DN695933_c2_g1,TRINITY_DN695933_c2_g1_i8,TRINITY_DN695933_c2_g1_i9,TRINITY_DN695933_c2_g1_i8,2.586,23.305,9.892
TRINITY_DN695918_c0_g1,TRINITY_DN695918_c0_g1_i6,TRINITY_DN695918_c0_g1_i6,TRINITY_DN695918_c0_g1_i4,0.518,0.871,3.425
TRINITY_DN698452_c14_g1,TRINITY_DN698452_c14_g1_i7,TRINITY_DN698452_c14_g1_i4,TRINITY_DN698452_c14_g1_i8,6.72,11.113,66.847
TRINITY_DN699216_c2_g1,TRINITY_DN699216_c2_g1_i2,TRINITY_DN699216_c2_g1_i10,TRINITY_DN699216_c2_g1_i7,0.453,3.838,2.399
TRINITY_DN699256_c1_g1,TRINITY_DN699256_c1_g1_i2,TRINITY_DN699256_c1_g1_i4,TRINITY_DN699256_c1_g1_i4,0.473,12.095,0.579
TRINITY_DN698278_c0_g1,TRINITY_DN698278_c0_g1_i9,TRINITY_DN698278_c0_g1_i1,TRINITY_DN698278_c0_g1_i4,0.244,2.015,0.653
TRINITY_DN693107_c0_g1,TRINITY_DN693107_c0_g1_i9,TRINITY_DN693107_c0_g1_i10,TRINITY_DN693107_c0_g1_i10,0.308,1.714,1.05
TRINITY_DN696589_c0_g1,TRINITY_DN696589_c0_g1_i5,TRINITY_DN696589_c0_g1_i10,TRINITY_DN696589_c0_g1_i7,0.415,10.422,1.501
TRINITY_DN696870_c14_g1,TRINITY_DN696870_c14_g1_i5,TRINITY_DN696870_c14_g1_i4,TRINITY_DN696870_c14_g1_i10,0.461,3.967,1.991
TRINITY_DN700253_c2_g1,TRINITY_DN700253_c2_g1_i1,TRINITY_DN700253_c2_g1_i10,TRINITY_DN700253_c2_g1_i8,0.312,1.965,0.982
TRINITY_DN688158_c1_g2,TRINITY_DN688158_c1_g2_i4,TRINITY_DN688158_c1_g2_i7,TRINITY_DN688158_c1_g2_i6,1.255,42.775,5.721
TRINITY_DN682112_c10_g2,TRINITY_DN682112_c10_g2_i4,TRINITY_DN682112_c10_g2_i10,TRINITY_DN682112_c10_g2_i10,0.348,0.506,6.732
TRINITY_DN699253_c3_g1,TRINITY_DN699253_c3_g1_i1,TRINITY_DN699253_c3_g1_i5,TRINITY_DN699253_c3_g1_i1,0.269,4.045,1.056
TRINITY_DN699677_c2_g1,TRINITY_DN699677_c2_g1_i3,TRINITY_DN699677_c2_g1_i4,TRINITY_DN699677_c2_g1_i8,0.715,8.076,1.225
TRINITY_DN698905_c1_g2,TRINITY_DN698905_c1_g2_i5,TRINITY_DN698905_c1_g2_i2,TRINITY_DN698905_c1_g2_i5,2.275,52.264,5.579
TRINITY_DN696327_c0_g1,TRINITY_DN696327_c0_g1_i1,TRINITY_DN696327_c0_g1_i3,TRINITY_DN696327_c0_g1_i1,1.459,57.863,13.012
TRINITY_DN695482_c0_g1,TRINITY_DN695482_c0_g1_i1,TRINITY_DN695482_c0_g1_i4,TRINITY_DN695482_c0_g1_i10,3.893,3.482,138.595
TRINITY_DN700471_c1_g1,TRINITY_DN700471_c1_g1_i9,TRINITY_DN700471_c1_g1_i10,TRINITY_DN700471_c1_g1_i10,0.749,10.917,0.739
TRINITY_DN684507_c5_g1,TRINITY_DN684507_c5_g1_i3,TRINITY_DN684507_c5_g1_i6,TRINITY_DN684507_c5_g1_i2,0.53,7.191,1.352
TRINITY_DN691447_c13_g1,TRINITY_DN691447_c13_g1_i2,TRINITY_DN691447_c13_g1_i8,TRINITY_DN691447_c13_g1_i8,1.879,6.707,40.272
TRINITY_DN697230_c11_g1,TRINITY_DN697230_c11_g1_i5,TRINITY_DN697230_c11_g1_i9,TRINITY_DN697230_c11_g1_i9,0.473,7.292,2.047
TRINITY_DN694548_c7_g2,TRINITY_DN694548_c7_g2_i4,TRINITY_DN694548_c7_g2_i1,TRINITY_DN694548_c7_g2_i9,0.822,2.713,12.287
TRINITY_DN700078_c5_g1,TRINITY_DN700078_c5_g1_i3,TRINITY_DN700078_c5_g1_i5,TRINITY_DN700078_c5_g1_i9,0.794,7.347,0.954
TRINITY_DN699782_c2_g2,TRINITY_DN699782_c2_g2_i2,TRINITY_DN699782_c2_g2_i2,TRINITY_DN699782_c2_g2_i7,0.627,3.71,0.485
TRINITY_DN699914_c1_g1,TRINITY_DN699914_c1_g1_i8,TRINITY_DN699914_c1_g1_i7,TRINITY_DN699914_c1_g1_i2,0.284,7.596,0.837
TRINITY_DN698054_c2_g1,TRINITY_DN698054_c2_g1_i4,TRINITY_DN698054_c2_g1_i4,TRINITY_DN698054_c2_g1_i7,1.051,5.235,0.864
TRINITY_DN697150_c9_g1,TRINITY_DN697150_c9_g1_i3,TRINITY_DN697150_c9_g1_i8,TRINITY_DN697150_c9_g1_i8,0.728,5.042,2.012
TRINITY_DN698156_c0_g1,TRINITY_DN698156_c0_g1_i6,TRINITY_DN698156_c0_g1_i6,TRINITY_DN698156_c0_g1_i7,0.789,5.58,0.385
TRINITY_DN699385_c2_g1,TRINITY_DN699385_c2_g1_i2,TRINITY_DN699385_c2_g1_i2,TRINITY_DN699385_c2_g1_i8,9.371,30.442,110.248
TRINITY_DN699617_c1_g2,TRINITY_DN699617_c1_g2_i8,TRINITY_DN699617_c1_g2_i5,TRINITY_DN699617_c1_g2_i6,0.144,6.246,0.441
TRINITY_DN696765_c0_g3,TRINITY_DN696765_c0_g3_i3,TRINITY_DN696765_c0_g3_i8,TRINITY_DN696765_c0_g3_i8,0.757,3.239,1.414
TRINITY_DN692765_c8_g1,TRINITY_DN692765_c8_g1_i4,TRINITY_DN692765_c8_g1_i7,TRINITY_DN692765_c8_g1_i7,1.838,3.629,14.309
TRINITY_DN698666_c0_g2,TRINITY_DN698666_c0_g2_i4,TRINITY_DN698666_c0_g2_i3,TRINITY_DN698666_c0_g2_i4,0.769,11.58,1.219
TRINITY_DN698272_c3_g1,TRINITY_DN698272_c3_g1_i4,TRINITY_DN698272_c3_g1_i8,TRINITY_DN698272_c3_g1_i4,0.945,4.88,75.887
TRINITY_DN694517_c4_g1,TRINITY_DN694517_c4_g1_i7,TRINITY_DN694517_c4_g1_i7,TRINITY_DN694517_c4_g1_i1,0.684,3.352,0.914
TRINITY_DN697053_c2_g1,TRINITY_DN697053_c2_g1_i5,TRINITY_DN697053_c2_g1_i7,TRINITY_DN697053_c2_g1_i5,0.355,6.24,0.648
TRINITY_DN692231_c7_g2,TRINITY_DN692231_c7_g2_i8,TRINITY_DN692231_c7_g2_i2,TRINITY_DN692231_c7_g2_i2,0.641,76.31,3.865
TRINITY_DN700545_c6_g1,TRINITY_DN700545_c6_g1_i2,TRINITY_DN700545_c6_g1_i1,TRINITY_DN700545_c6_g1_i8,0.462,11.318,1.415
TRINITY_DN700217_c2_g3,TRINITY_DN700217_c2_g3_i6,TRINITY_DN700217_c2_g3_i2,TRINITY_DN700217_c2_g3_i1,2.481,6.692,209.144
TRINITY_DN700283_c2_g1,TRINITY_DN700283_c2_g1_i2,TRINITY_DN700283_c2_g1_i2,TRINITY_DN700283_c2_g1_i5,0.4,9.748,1.819
TRINITY_DN700235_c10_g2,TRINITY_DN700235_c10_g2_i3,TRINITY_DN700235_c10_g2_i3,TRINITY_DN700235_c10_g2_i4,0.461,6.427,0.862
TRINITY_DN695135_c1_g2,TRINITY_DN695135_c1_g2_i5,TRINITY_DN695135_c1_g2_i6,TRINITY_DN695135_c1_g2_i1,1.769,11.151,3.906
TRINITY_DN699934_c6_g1,TRINITY_DN699934_c6_g1_i1,TRINITY_DN699934_c6_g1_i6,TRINITY_DN699934_c6_g1_i6,0.807,24.286,4.393
TRINITY_DN699901_c2_g1,TRINITY_DN699901_c2_g1_i5,TRINITY_DN699901_c2_g1_i4,TRINITY_DN699901_c2_g1_i5,1.339,9.311,0.839
TRINITY_DN695611_c3_g1,TRINITY_DN695611_c3_g1_i6,TRINITY_DN695611_c3_g1_i2,TRINITY_DN695611_c3_g1_i5,0.408,11.806,1.206
TRINITY_DN699507_c1_g2,TRINITY_DN699507_c1_g2_i6,TRINITY_DN699507_c1_g2_i1,TRINITY_DN699507_c1_g2_i1,1.288,6.453,0.98
TRINITY_DN696694_c4_g4,TRINITY_DN696694_c4_g4_i3,TRINITY_DN696694_c4_g4_i6,TRINITY_DN696694_c4_g4_i3,1.027,3.738,1.91
TRINITY_DN699250_c1_g2,TRINITY_DN699250_c1_g2_i7,TRINITY_DN699250_c1_g2_i4,TRINITY_DN699250_c1_g2_i1,0.648,0.67,9.163
TRINITY_DN688707_c0_g1,TRINITY_DN688707_c0_g1_i1,TRINITY_DN688707_c0_g1_i6,TRINITY_DN688707_c0_g1_i1,0.785,0.915,7.317
TRINITY_DN699608_c3_g3,TRINITY_DN699608_c3_g3_i6,TRINITY_DN699608_c3_g3_i6,TRINITY_DN699608_c3_g3_i5,2.0,15.215,25.478
TRINITY_DN690021_c2_g1,TRINITY_DN690021_c2_g1_i1,TRINITY_DN690021_c2_g1_i1,TRINITY_DN690021_c2_g1_i4,0.538,7.291,1.128
TRINITY_DN697405_c9_g2,TRINITY_DN697405_c9_g2_i1,TRINITY_DN697405_c9_g2_i6,TRINITY_DN697405_c9_g2_i6,0.163,10.088,1.846
TRINITY_DN697306_c7_g2,TRINITY_DN697306_c7_g2_i4,TRINITY_DN697306_c7_g2_i3,TRINITY_DN697306_c7_g2_i4,0.554,15.802,3.59
TRINITY_DN697055_c11_g1,TRINITY_DN697055_c11_g1_i4,TRINITY_DN697055_c11_g1_i6,TRINITY_DN697055_c11_g1_i5,1.506,6.338,11.971
TRINITY_DN696939_c2_g1,TRINITY_DN696939_c2_g1_i3,TRINITY_DN696939_c2_g1_i1,TRINITY_DN696939_c2_g1_i3,1.451,33.395,3.565
TRINITY_DN694367_c0_g3,TRINITY_DN694367_c0_g3_i2,TRINITY_DN694367_c0_g3_i4,TRINITY_DN694367_c0_g3_i1,0.895,15.091,0.61
TRINITY_DN699180_c1_g1,TRINITY_DN699180_c1_g1_i7,TRINITY_DN699180_c1_g1_i2,TRINITY_DN699180_c1_g1_i3,0.427,6.095,2.383
TRINITY_DN679629_c3_g1,TRINITY_DN679629_c3_g1_i7,TRINITY_DN679629_c3_g1_i3,TRINITY_DN679629_c3_g1_i3,0.35,0.96,14.556
TRINITY_DN696854_c0_g1,TRINITY_DN696854_c0_g1_i7,TRINITY_DN696854_c0_g1_i6,TRINITY_DN696854_c0_g1_i5,0.945,7.632,1.1
TRINITY_DN692418_c7_g1,TRINITY_DN692418_c7_g1_i4,TRINITY_DN692418_c7_g1_i1,TRINITY_DN692418_c7_g1_i1,0.405,9.405,1.967
TRINITY_DN700550_c0_g1,TRINITY_DN700550_c0_g1_i7,TRINITY_DN700550_c0_g1_i7,TRINITY_DN700550_c0_g1_i4,0.529,3.03,0.492
TRINITY_DN700213_c1_g4,TRINITY_DN700213_c1_g4_i2,TRINITY_DN700213_c1_g4_i2,TRINITY_DN700213_c1_g4_i5,0.816,12.78,0.092
TRINITY_DN697568_c2_g1,TRINITY_DN697568_c2_g1_i6,TRINITY_DN697568_c2_g1_i1,TRINITY_DN697568_c2_g1_i2,0.495,3.756,0.129
TRINITY_DN697581_c3_g3,TRINITY_DN697581_c3_g3_i1,TRINITY_DN697581_c3_g3_i2,TRINITY_DN697581_c3_g3_i2,1.979,1.213,40.498
TRINITY_DN699798_c1_g2,TRINITY_DN699798_c1_g2_i1,TRINITY_DN699798_c1_g2_i4,TRINITY_DN699798_c1_g2_i1,0.971,5.301,0.782
TRINITY_DN690498_c5_g1,TRINITY_DN690498_c5_g1_i3,TRINITY_DN690498_c5_g1_i1,TRINITY_DN690498_c5_g1_i3,0.829,5.67,1.953
TRINITY_DN697899_c0_g1,TRINITY_DN697899_c0_g1_i2,TRINITY_DN697899_c0_g1_i1,TRINITY_DN697899_c0_g1_i3,1.073,1.257,9.418
TRINITY_DN699431_c0_g1,TRINITY_DN699431_c0_g1_i4,TRINITY_DN699431_c0_g1_i5,TRINITY_DN699431_c0_g1_i6,0.429,12.915,1.842
TRINITY_DN698454_c0_g1,TRINITY_DN698454_c0_g1_i3,TRINITY_DN698454_c0_g1_i3,TRINITY_DN698454_c0_g1_i5,1.097,12.502,0.924
TRINITY_DN698454_c0_g2,TRINITY_DN698454_c0_g2_i3,TRINITY_DN698454_c0_g2_i6,TRINITY_DN698454_c0_g2_i6,0.711,11.735,2.655
TRINITY_DN690037_c3_g6,TRINITY_DN690037_c3_g6_i6,TRINITY_DN690037_c3_g6_i6,TRINITY_DN690037_c3_g6_i5,2.033,2.924,15.62
TRINITY_DN689854_c10_g1,TRINITY_DN689854_c10_g1_i2,TRINITY_DN689854_c10_g1_i2,TRINITY_DN689854_c10_g1_i5,0.424,0.875,6.329
TRINITY_DN698707_c0_g2,TRINITY_DN698707_c0_g2_i4,TRINITY_DN698707_c0_g2_i2,TRINITY_DN698707_c0_g2_i6,1.305,5.496,1.726
TRINITY_DN680002_c1_g1,TRINITY_DN680002_c1_g1_i4,TRINITY_DN680002_c1_g1_i5,TRINITY_DN680002_c1_g1_i3,1.511,10.681,10.915
TRINITY_DN691921_c17_g5,TRINITY_DN691921_c17_g5_i4,TRINITY_DN691921_c17_g5_i4,TRINITY_DN691921_c17_g5_i6,0.152,0.55,5.204
TRINITY_DN689225_c8_g2,TRINITY_DN689225_c8_g2_i1,TRINITY_DN689225_c8_g2_i1,TRINITY_DN689225_c8_g2_i3,0.633,1.191,7.07
TRINITY_DN698732_c1_g2,TRINITY_DN698732_c1_g2_i6,TRINITY_DN698732_c1_g2_i5,TRINITY_DN698732_c1_g2_i2,0.928,1.101,47.134
TRINITY_DN692903_c12_g2,TRINITY_DN692903_c12_g2_i4,TRINITY_DN692903_c12_g2_i2,TRINITY_DN692903_c12_g2_i1,0.449,0.575,9.106
TRINITY_DN700362_c2_g2,TRINITY_DN700362_c2_g2_i2,TRINITY_DN700362_c2_g2_i5,TRINITY_DN700362_c2_g2_i6,0.385,8.813,0.749
TRINITY_DN700325_c3_g1,TRINITY_DN700325_c3_g1_i4,TRINITY_DN700325_c3_g1_i4,TRINITY_DN700325_c3_g1_i3,2.112,14.041,3.777
TRINITY_DN700368_c11_g1,TRINITY_DN700368_c11_g1_i3,TRINITY_DN700368_c11_g1_i4,TRINITY_DN700368_c11_g1_i4,3.705,32.759,10.217
TRINITY_DN700242_c1_g1,TRINITY_DN700242_c1_g1_i5,TRINITY_DN700242_c1_g1_i6,TRINITY_DN700242_c1_g1_i6,0.445,3.639,1.472
TRINITY_DN694466_c2_g4,TRINITY_DN694466_c2_g4_i5,TRINITY_DN694466_c2_g4_i5,TRINITY_DN694466_c2_g4_i4,83.564,9.687,5.49
TRINITY_DN696254_c1_g1,TRINITY_DN696254_c1_g1_i1,TRINITY_DN696254_c1_g1_i1,TRINITY_DN696254_c1_g1_i3,0.332,7.793,0.677
TRINITY_DN700011_c2_g1,TRINITY_DN700011_c2_g1_i5,TRINITY_DN700011_c2_g1_i1,TRINITY_DN700011_c2_g1_i5,0.881,6.256,2.657
TRINITY_DN693715_c7_g1,TRINITY_DN693715_c7_g1_i1,TRINITY_DN693715_c7_g1_i3,TRINITY_DN693715_c7_g1_i1,0.143,4.483,0.533
TRINITY_DN699331_c8_g2,TRINITY_DN699331_c8_g2_i1,TRINITY_DN699331_c8_g2_i4,TRINITY_DN699331_c8_g2_i2,0.207,11.09,1.727
TRINITY_DN695315_c1_g1,TRINITY_DN695315_c1_g1_i4,TRINITY_DN695315_c1_g1_i1,TRINITY_DN695315_c1_g1_i2,0.944,9.366,1.24
TRINITY_DN691732_c0_g4,TRINITY_DN691732_c0_g4_i5,TRINITY_DN691732_c0_g4_i1,TRINITY_DN691732_c0_g4_i5,1.885,42.666,3.465
TRINITY_DN699159_c0_g1,TRINITY_DN699159_c0_g1_i5,TRINITY_DN699159_c0_g1_i4,TRINITY_DN699159_c0_g1_i3,15.352,9.403,0.689
TRINITY_DN695504_c1_g1,TRINITY_DN695504_c1_g1_i1,TRINITY_DN695504_c1_g1_i2,TRINITY_DN695504_c1_g1_i4,0.294,6.13,0.789
TRINITY_DN695784_c9_g6,TRINITY_DN695784_c9_g6_i1,TRINITY_DN695784_c9_g6_i1,TRINITY_DN695784_c9_g6_i2,1.304,3.225,13.333
TRINITY_DN700019_c2_g1,TRINITY_DN700019_c2_g1_i5,TRINITY_DN700019_c2_g1_i4,TRINITY_DN700019_c2_g1_i4,1.053,29.251,3.484
TRINITY_DN700470_c6_g2,TRINITY_DN700470_c6_g2_i1,TRINITY_DN700470_c6_g2_i1,TRINITY_DN700470_c6_g2_i2,0.927,22.201,0.919
TRINITY_DN700657_c9_g3,TRINITY_DN700657_c9_g3_i1,TRINITY_DN700657_c9_g3_i3,TRINITY_DN700657_c9_g3_i5,1.088,15.581,3.346
TRINITY_DN700253_c2_g2,TRINITY_DN700253_c2_g2_i4,TRINITY_DN700253_c2_g2_i3,TRINITY_DN700253_c2_g2_i3,0.509,6.548,1.018
TRINITY_DN696049_c8_g3,TRINITY_DN696049_c8_g3_i1,TRINITY_DN696049_c8_g3_i3,TRINITY_DN696049_c8_g3_i4,0.0,10.315,0.669
TRINITY_DN697578_c2_g2,TRINITY_DN697578_c2_g2_i4,TRINITY_DN697578_c2_g2_i3,TRINITY_DN697578_c2_g2_i1,46.035,1.42,8.862
TRINITY_DN697779_c3_g2,TRINITY_DN697779_c3_g2_i3,TRINITY_DN697779_c3_g2_i2,TRINITY_DN697779_c3_g2_i4,1.548,25.15,2.264
TRINITY_DN698064_c2_g2,TRINITY_DN698064_c2_g2_i3,TRINITY_DN698064_c2_g2_i4,TRINITY_DN698064_c2_g2_i4,1.112,3.285,15.479
TRINITY_DN698064_c2_g5,TRINITY_DN698064_c2_g5_i4,TRINITY_DN698064_c2_g5_i3,TRINITY_DN698064_c2_g5_i4,1.254,12.276,2.105
TRINITY_DN695266_c0_g1,TRINITY_DN695266_c0_g1_i3,TRINITY_DN695266_c0_g1_i1,TRINITY_DN695266_c0_g1_i1,0.304,6.56,0.897
TRINITY_DN696448_c7_g2,TRINITY_DN696448_c7_g2_i2,TRINITY_DN696448_c7_g2_i2,TRINITY_DN696448_c7_g2_i4,6.863,28.128,63.816
TRINITY_DN696499_c1_g1,TRINITY_DN696499_c1_g1_i2,TRINITY_DN696499_c1_g1_i1,TRINITY_DN696499_c1_g1_i4,0.457,4.048,1.108
TRINITY_DN699259_c1_g4,TRINITY_DN699259_c1_g4_i4,TRINITY_DN699259_c1_g4_i2,TRINITY_DN699259_c1_g4_i1,0.869,5.867,3.829
TRINITY_DN698374_c1_g1,TRINITY_DN698374_c1_g1_i2,TRINITY_DN698374_c1_g1_i1,TRINITY_DN698374_c1_g1_i2,7.73,56.461,86.991
TRINITY_DN691914_c2_g2,TRINITY_DN691914_c2_g2_i1,TRINITY_DN691914_c2_g2_i2,TRINITY_DN691914_c2_g2_i2,10.928,1.005,3.615
TRINITY_DN690857_c5_g1,TRINITY_DN690857_c5_g1_i1,TRINITY_DN690857_c5_g1_i3,TRINITY_DN690857_c5_g1_i4,0.0,6.331,0.894
TRINITY_DN689723_c13_g1,TRINITY_DN689723_c13_g1_i4,TRINITY_DN689723_c13_g1_i3,TRINITY_DN689723_c13_g1_i2,0.62,5.667,2.895
TRINITY_DN697931_c1_g2,TRINITY_DN697931_c1_g2_i3,TRINITY_DN697931_c1_g2_i3,TRINITY_DN697931_c1_g2_i1,2.077,21.206,2.091
TRINITY_DN699182_c14_g3,TRINITY_DN699182_c14_g3_i4,TRINITY_DN699182_c14_g3_i1,TRINITY_DN699182_c14_g3_i1,0.655,3.304,0.814
TRINITY_DN687614_c11_g1,TRINITY_DN687614_c11_g1_i1,TRINITY_DN687614_c11_g1_i3,TRINITY_DN687614_c11_g1_i3,0.691,3.572,9.871
TRINITY_DN700015_c0_g3,TRINITY_DN700015_c0_g3_i3,TRINITY_DN700015_c0_g3_i3,TRINITY_DN700015_c0_g3_i2,0.452,8.743,1.811
TRINITY_DN700475_c3_g1,TRINITY_DN700475_c3_g1_i4,TRINITY_DN700475_c3_g1_i2,TRINITY_DN700475_c3_g1_i2,0.593,8.323,1.31
TRINITY_DN700657_c9_g1,TRINITY_DN700657_c9_g1_i2,TRINITY_DN700657_c9_g1_i3,TRINITY_DN700657_c9_g1_i3,0.71,5.989,3.287
TRINITY_DN700661_c3_g2,TRINITY_DN700661_c3_g2_i3,TRINITY_DN700661_c3_g2_i1,TRINITY_DN700661_c3_g2_i1,0.88,7.522,1.11
TRINITY_DN700172_c8_g5,TRINITY_DN700172_c8_g5_i1,TRINITY_DN700172_c8_g5_i2,TRINITY_DN700172_c8_g5_i3,0.0,7.465,0.983
TRINITY_DN671106_c0_g1,TRINITY_DN671106_c0_g1_i1,TRINITY_DN671106_c0_g1_i2,TRINITY_DN671106_c0_g1_i1,2.131,7.939,0.53
TRINITY_DN693225_c2_g2,TRINITY_DN693225_c2_g2_i1,TRINITY_DN693225_c2_g2_i3,TRINITY_DN693225_c2_g2_i1,1.676,13.959,4.452
TRINITY_DN695816_c4_g6,TRINITY_DN695816_c4_g6_i1,TRINITY_DN695816_c4_g6_i2,TRINITY_DN695816_c4_g6_i3,18.105,1.283,8.008
TRINITY_DN699932_c2_g1,TRINITY_DN699932_c2_g1_i1,TRINITY_DN699932_c2_g1_i1,TRINITY_DN699932_c2_g1_i2,1.675,11.991,4.009
TRINITY_DN682612_c0_g1,TRINITY_DN682612_c0_g1_i2,TRINITY_DN682612_c0_g1_i3,TRINITY_DN682612_c0_g1_i3,0.486,8.109,1.558
TRINITY_DN676467_c0_g1,TRINITY_DN676467_c0_g1_i3,TRINITY_DN676467_c0_g1_i3,TRINITY_DN676467_c0_g1_i1,0.983,16.399,2.15
TRINITY_DN699437_c0_g2,TRINITY_DN699437_c0_g2_i1,TRINITY_DN699437_c0_g2_i3,TRINITY_DN699437_c0_g2_i2,0.598,18.555,0.862
TRINITY_DN699233_c3_g1,TRINITY_DN699233_c3_g1_i2,TRINITY_DN699233_c3_g1_i1,TRINITY_DN699233_c3_g1_i3,1.332,0.904,288.024
TRINITY_DN699259_c1_g2,TRINITY_DN699259_c1_g2_i1,TRINITY_DN699259_c1_g2_i1,TRINITY_DN699259_c1_g2_i2,0.402,1.165,15.808
TRINITY_DN688707_c0_g2,TRINITY_DN688707_c0_g2_i2,TRINITY_DN688707_c0_g2_i1,TRINITY_DN688707_c0_g2_i1,0.852,0.678,7.282
TRINITY_DN689820_c10_g7,TRINITY_DN689820_c10_g7_i1,TRINITY_DN689820_c10_g7_i3,TRINITY_DN689820_c10_g7_i1,0.631,0.544,10.783
TRINITY_DN697320_c2_g7,TRINITY_DN697320_c2_g7_i2,TRINITY_DN697320_c2_g7_i2,TRINITY_DN697320_c2_g7_i3,3.56,96.524,13.721
TRINITY_DN698905_c2_g4,TRINITY_DN698905_c2_g4_i1,TRINITY_DN698905_c2_g4_i3,TRINITY_DN698905_c2_g4_i3,1.542,21.718,2.693
TRINITY_DN698901_c2_g1,TRINITY_DN698901_c2_g1_i3,TRINITY_DN698901_c2_g1_i3,TRINITY_DN698901_c2_g1_i1,0.678,12.227,0.872
TRINITY_DN697642_c1_g2,TRINITY_DN697642_c1_g2_i3,TRINITY_DN697642_c1_g2_i3,TRINITY_DN697642_c1_g2_i2,70.492,1.409,3.522
TRINITY_DN697939_c1_g3,TRINITY_DN697939_c1_g3_i3,TRINITY_DN697939_c1_g3_i2,TRINITY_DN697939_c1_g3_i2,0.169,10.585,0.841
TRINITY_DN698801_c2_g5,TRINITY_DN698801_c2_g5_i1,TRINITY_DN698801_c2_g5_i2,TRINITY_DN698801_c2_g5_i3,1.987,0.688,7.841
TRINITY_DN690527_c1_g1,TRINITY_DN690527_c1_g1_i1,TRINITY_DN690527_c1_g1_i2,TRINITY_DN690527_c1_g1_i2,0.925,6.173,1.437
TRINITY_DN700624_c3_g1,TRINITY_DN700624_c3_g1_i3,TRINITY_DN700624_c3_g1_i1,TRINITY_DN700624_c3_g1_i2,0.673,3.892,3.483
TRINITY_DN700591_c5_g1,TRINITY_DN700591_c5_g1_i3,TRINITY_DN700591_c5_g1_i2,TRINITY_DN700591_c5_g1_i1,0.878,16.866,1.615
TRINITY_DN700151_c5_g4,TRINITY_DN700151_c5_g4_i3,TRINITY_DN700151_c5_g4_i3,TRINITY_DN700151_c5_g4_i2,0.678,30.113,1.76
TRINITY_DN694466_c2_g5,TRINITY_DN694466_c2_g5_i2,TRINITY_DN694466_c2_g5_i2,TRINITY_DN694466_c2_g5_i1,20.787,2.799,0.0
TRINITY_DN693225_c1_g1,TRINITY_DN693225_c1_g1_i2,TRINITY_DN693225_c1_g1_i2,TRINITY_DN693225_c1_g1_i1,2.362,18.156,25.453
TRINITY_DN696229_c1_g5,TRINITY_DN696229_c1_g5_i1,TRINITY_DN696229_c1_g5_i2,TRINITY_DN696229_c1_g5_i1,2.492,20.106,0.0
TRINITY_DN697449_c0_g3,TRINITY_DN697449_c0_g3_i2,TRINITY_DN697449_c0_g3_i1,TRINITY_DN697449_c0_g3_i1,0.79,12.3,0.0
TRINITY_DN699926_c0_g3,TRINITY_DN699926_c0_g3_i1,TRINITY_DN699926_c0_g3_i2,TRINITY_DN699926_c0_g3_i1,0.152,15.836,0.6
TRINITY_DN692701_c17_g1,TRINITY_DN692701_c17_g1_i2,TRINITY_DN692701_c17_g1_i1,TRINITY_DN692701_c17_g1_i2,2.047,8.134,2.438
TRINITY_DN697779_c2_g2,TRINITY_DN697779_c2_g2_i1,TRINITY_DN697779_c2_g2_i1,TRINITY_DN697779_c2_g2_i2,12.479,0.106,0.979
TRINITY_DN694882_c2_g1,TRINITY_DN694882_c2_g1_i2,TRINITY_DN694882_c2_g1_i1,TRINITY_DN694882_c2_g1_i2,0.239,21.548,1.327
TRINITY_DN683508_c0_g1,TRINITY_DN683508_c0_g1_i1,TRINITY_DN683508_c0_g1_i1,TRINITY_DN683508_c0_g1_i2,0.676,7.975,1.085
TRINITY_DN698471_c2_g4,TRINITY_DN698471_c2_g4_i1,TRINITY_DN698471_c2_g4_i1,TRINITY_DN698471_c2_g4_i2,0.563,2.627,14.935
TRINITY_DN697208_c0_g3,TRINITY_DN697208_c0_g3_i2,TRINITY_DN697208_c0_g3_i2,TRINITY_DN697208_c0_g3_i1,5.035,35.256,5.706
TRINITY_DN689962_c11_g1,TRINITY_DN689962_c11_g1_i2,TRINITY_DN689962_c11_g1_i1,TRINITY_DN689962_c11_g1_i1,0.38,88.28,3.753
TRINITY_DN693672_c1_g1,TRINITY_DN693672_c1_g1_i2,TRINITY_DN693672_c1_g1_i1,TRINITY_DN693672_c1_g1_i1,1.008,17.103,5.515
TRINITY_DN697969_c4_g6,TRINITY_DN697969_c4_g6_i2,TRINITY_DN697969_c4_g6_i1,TRINITY_DN697969_c4_g6_i2,1.363,17.263,4.486
TRINITY_DN698595_c5_g5,TRINITY_DN698595_c5_g5_i2,TRINITY_DN698595_c5_g5_i1,TRINITY_DN698595_c5_g5_i2,0.508,5.158,0.602
TRINITY_DN685472_c19_g1,TRINITY_DN685472_c19_g1_i2,TRINITY_DN685472_c19_g1_i1,TRINITY_DN685472_c19_g1_i1,1.442,5.787,15.125
TRINITY_DN699156_c0_g2,TRINITY_DN699156_c0_g2_i1,TRINITY_DN699156_c0_g2_i1,TRINITY_DN699156_c0_g2_i2,0.626,15.384,0.915
TRINITY_DN692251_c0_g2,TRINITY_DN692251_c0_g2_i1,TRINITY_DN692251_c0_g2_i2,TRINITY_DN692251_c0_g2_i1,1.315,14.81,3.592
