	AZ1	AZ2	AZ3
TRINITY_DN1224563_c0_g1	0.975	7.582	1.932
TRINITY_DN47701_c0_g1	8.189	21.26	2.641
TRINITY_DN528793_c0_g1	42.246	30.222	1.426
TRINITY_DN538751_c0_g1	16.315	2.129	11.695
TRINITY_DN566660_c0_g1	22.231	9.734	1.365
TRINITY_DN607019_c0_g1	46.267	31.186	7.5
TRINITY_DN657122_c0_g1	8.964	85.745	53.448
TRINITY_DN661991_c0_g1	1.438	4.88	16.899
TRINITY_DN662467_c0_g1	0.423	45.964	3.104
TRINITY_DN668781_c0_g1	1.986	115.655	12.588
TRINITY_DN670408_c0_g1	1.852	2.067	16.08
TRINITY_DN671106_c0_g1	3.001	18.535	1.479
TRINITY_DN672229_c0_g1	1.092	28.395	8.622
TRINITY_DN672452_c0_g1	0.99	11.564	2.197
TRINITY_DN672734_c0_g1	0.63	19.48	2.67
TRINITY_DN673533_c0_g1	2.322	0.747	62.421
TRINITY_DN675531_c0_g1	4.055	27.306	16.163
TRINITY_DN675633_c1_g1	11.317	49.557	88.213
TRINITY_DN675698_c0_g1	1.005	2.443	9.27
TRINITY_DN676467_c0_g1	2.247	25.006	3.609
TRINITY_DN676953_c0_g1	27.554	35.447	1.89
TRINITY_DN677483_c0_g1	15.268	137.653	56.267
TRINITY_DN679331_c0_g1	1.968	3.485	15.883
TRINITY_DN679366_c0_g1	3.7	3.046	21.989
TRINITY_DN679629_c3_g1	0.614	1.475	17.302
TRINITY_DN679902_c1_g1	0.23	0.963	10.768
TRINITY_DN680002_c1_g1	5.251	39.522	21.228
TRINITY_DN680684_c0_g1	0.528	42.249	6.265
TRINITY_DN680789_c0_g1	1.637	10.691	6.464
TRINITY_DN682112_c10_g2	0.608	1.019	15.317
TRINITY_DN682262_c23_g4	5110.511	1078.288	3378.423
TRINITY_DN682419_c9_g1	2.252	62.891	6.588
TRINITY_DN682612_c0_g1	1.022	13.853	2.207
TRINITY_DN683501_c10_g5	1.106	3.03	13.742
TRINITY_DN683508_c0_g1	0.928	15.326	1.462
TRINITY_DN684342_c9_g3	0.515	1.127	9.213
TRINITY_DN684491_c15_g2	8.469	35.725	65.75
TRINITY_DN684507_c5_g1	1.541	29.033	4.022
TRINITY_DN684725_c1_g1	1.246	22.532	1.828
TRINITY_DN684826_c8_g7	1.063	13.657	4.178
TRINITY_DN684930_c11_g1	2.761	3.994	36.081
TRINITY_DN685065_c18_g1	1.449	20.038	1.055
TRINITY_DN685251_c17_g3	1.246	4.872	15.561
TRINITY_DN685463_c3_g1	1.729	4.363	18.516
TRINITY_DN685472_c19_g1	2.703	8.93	20.976
TRINITY_DN685506_c9_g1	150.996	43.665	340.778
TRINITY_DN685830_c5_g1	16.645	138.353	38.221
TRINITY_DN686126_c3_g3	7.361	51.514	46.537
TRINITY_DN686901_c5_g1	0.377	1.086	8.653
TRINITY_DN687614_c11_g1	1.321	4.277	11.097
TRINITY_DN688158_c1_g2	4.413	194.934	21.111
TRINITY_DN688158_c1_g3	0.655	16.268	1.359
TRINITY_DN688228_c17_g5	11.867	7.741	1.319
TRINITY_DN688561_c13_g1	1.468	29.005	2.793
TRINITY_DN688606_c15_g1	1.462	4.569	23.008
TRINITY_DN688649_c6_g1	1.979	14.826	4.994
TRINITY_DN688707_c0_g1	1.762	1.485	23.132
TRINITY_DN688707_c0_g2	1.824	1.319	17.837
TRINITY_DN689225_c8_g2	1.21	3.228	17.335
TRINITY_DN689231_c0_g1	19.496	98.711	1.708
TRINITY_DN689236_c2_g1	8.602	25.714	92.461
TRINITY_DN689446_c11_g2	10.685	28.715	72.706
TRINITY_DN689570_c0_g1	0.709	36.328	2.624
TRINITY_DN689638_c1_g1	18.538	108.246	95.8
TRINITY_DN689723_c13_g1	1.046	9.685	6.256
TRINITY_DN689760_c0_g1	11.771	77.212	21.774
TRINITY_DN689820_c10_g7	1.012	1.032	11.545
TRINITY_DN689854_c10_g1	0.874	1.518	15.485
TRINITY_DN689962_c11_g1	0.382	97.646	6.072
TRINITY_DN690021_c2_g1	1.046	14.779	1.843
TRINITY_DN690037_c3_g6	2.475	3.768	27.8
TRINITY_DN690049_c3_g1	0.542	0.973	29.512
TRINITY_DN690115_c14_g1	1.713	1.868	14.033
TRINITY_DN690152_c1_g1	7.767	43.809	87.124
TRINITY_DN690436_c27_g1	2.965	39.515	3.914
TRINITY_DN690498_c5_g1	1.572	13.371	3.292
TRINITY_DN690527_c1_g1	1.086	10.4	1.909
TRINITY_DN690537_c22_g5	0.903	1.014	16.782
TRINITY_DN690749_c7_g2	0.644	12.088	1.198
TRINITY_DN690771_c13_g3	0.233	1.081	13.932
TRINITY_DN690857_c5_g1	0.0	10.752	1.264
TRINITY_DN690930_c3_g1	16.03	17.262	181.81
TRINITY_DN691447_c13_g1	5.865	18.42	69.825
TRINITY_DN691549_c5_g1	0.289	1.962	14.999
TRINITY_DN691600_c1_g1	20.372	126.807	43.306
TRINITY_DN691732_c0_g4	3.929	57.848	4.86
TRINITY_DN691914_c2_g2	14.436	1.94	6.015
TRINITY_DN691921_c17_g5	0.281	1.008	12.049
TRINITY_DN691952_c2_g3	7.49	1.458	17.971
TRINITY_DN692053_c0_g5	0.229	23.45	2.761
TRINITY_DN692142_c8_g3	44.509	6.508	36.261
TRINITY_DN692231_c7_g2	0.891	82.834	7.661
TRINITY_DN692251_c0_g2	1.521	25.973	5.23
TRINITY_DN692418_c7_g1	0.702	21.089	3.66
TRINITY_DN692504_c0_g1	3.15	24.924	4.655
TRINITY_DN692617_c1_g1	2.74	20.598	5.645
TRINITY_DN692701_c17_g1	2.205	15.917	3.02
TRINITY_DN692711_c0_g1	1.04	16.719	2.471
TRINITY_DN692765_c8_g1	5.736	12.305	38.677
TRINITY_DN692781_c18_g1	1.608	13.926	3.549
TRINITY_DN692903_c12_g2	0.716	1.209	18.956
TRINITY_DN692914_c14_g1	0.492	35.573	2.647
TRINITY_DN693107_c0_g1	1.207	9.735	3.204
TRINITY_DN693225_c1_g1	3.654	24.698	31.409
TRINITY_DN693225_c2_g2	3.113	26.435	8.308
TRINITY_DN693253_c8_g2	8.78	67.452	58.133
TRINITY_DN693280_c0_g1	8.606	51.603	64.668
TRINITY_DN693651_c20_g1	6.082	30.472	55.379
TRINITY_DN693672_c1_g1	1.341	24.698	8.672
TRINITY_DN693715_c7_g1	0.143	15.776	1.682
TRINITY_DN693943_c1_g1	12.793	76.239	208.889
TRINITY_DN693983_c4_g1	2.597	31.767	1.647
TRINITY_DN693987_c2_g2	3.791	5.747	35.209
TRINITY_DN694130_c6_g2	1.289	13.065	5.116
TRINITY_DN694198_c0_g13	0.99	3.806	10.993
TRINITY_DN694356_c6_g2	1.18	2.322	17.024
TRINITY_DN694367_c0_g3	1.811	20.027	0.796
TRINITY_DN694466_c2_g2	3.852	11.428	26.436
TRINITY_DN694466_c2_g4	86.861	12.128	9.109
TRINITY_DN694466_c2_g5	30.787	4.094	0.0
TRINITY_DN694469_c11_g1	1.684	3.798	17.44
TRINITY_DN694476_c0_g1	2.243	40.003	4.539
TRINITY_DN694517_c4_g1	1.193	14.887	2.441
TRINITY_DN694548_c7_g2	2.89	5.271	24.247
TRINITY_DN694587_c10_g1	2.255	32.394	4.912
TRINITY_DN694658_c2_g1	1.249	9.966	6.767
TRINITY_DN694685_c1_g1	1.442	21.694	2.782
TRINITY_DN694773_c5_g2	1.174	2.655	13.27
TRINITY_DN694836_c7_g1	2.183	3.355	27.991
TRINITY_DN694882_c2_g1	0.477	22.677	2.107
TRINITY_DN694942_c3_g6	1.088	19.813	2.115
TRINITY_DN694993_c2_g2	459.618	201.843	1106.5
TRINITY_DN695025_c10_g1	1.075	3.393	10.593
TRINITY_DN695113_c1_g1	2.846	34.173	10.955
TRINITY_DN695116_c0_g1	1.975	31.663	7.016
TRINITY_DN695116_c0_g2	1.217	19.376	4.748
TRINITY_DN695125_c4_g6	1.554	14.803	5.564
TRINITY_DN695135_c1_g2	3.513	24.983	9.114
TRINITY_DN695266_c0_g1	0.589	13.516	1.502
TRINITY_DN695290_c11_g1	1.509	12.65	3.164
TRINITY_DN695315_c1_g1	1.609	11.484	3.052
TRINITY_DN695355_c2_g1	1.135	9.73	2.381
TRINITY_DN695410_c19_g1	0.775	2.232	16.566
TRINITY_DN695469_c1_g1	38.554	237.823	125.277
TRINITY_DN695482_c0_g1	8.098	9.776	148.375
TRINITY_DN695504_c1_g1	0.395	19.416	1.936
TRINITY_DN695552_c3_g1	0.458	17.537	2.378
TRINITY_DN695575_c14_g9	1.984	9.801	25.231
TRINITY_DN695611_c3_g1	1.503	22.852	1.964
TRINITY_DN695611_c4_g1	1.649	47.894	9.034
TRINITY_DN695615_c3_g1	1.528	34.87	5.591
TRINITY_DN695643_c9_g7	0.939	3.328	13.011
TRINITY_DN695655_c1_g1	24.157	31.723	186.98
TRINITY_DN695655_c1_g5	27.156	2.657	0.0
TRINITY_DN695660_c1_g1	1.178	14.741	2.325
TRINITY_DN695669_c2_g2	8.141	52.56	26.312
TRINITY_DN695727_c5_g3	1.665	9.446	1.312
TRINITY_DN695738_c3_g1	0.0	1.012	65.801
TRINITY_DN695784_c9_g6	1.359	3.595	28.955
TRINITY_DN695816_c4_g6	18.867	1.894	11.557
TRINITY_DN695918_c0_g1	1.105	4.328	11.535
TRINITY_DN695933_c2_g1	6.232	40.842	39.472
TRINITY_DN695934_c2_g1	18.068	155.501	34.373
TRINITY_DN695957_c1_g2	18.016	110.746	30.287
TRINITY_DN695985_c1_g1	0.585	1.338	62.923
TRINITY_DN695985_c2_g1	6.269	39.39	80.681
TRINITY_DN696049_c8_g3	0.0	20.909	1.053
TRINITY_DN696093_c0_g2	1.318	2.482	26.347
TRINITY_DN696094_c4_g1	0.437	21.191	1.536
TRINITY_DN696113_c11_g4	2.56	17.257	10.998
TRINITY_DN696184_c4_g1	0.113	10.253	1.154
TRINITY_DN696229_c1_g5	2.941	20.49	0.0
TRINITY_DN696245_c4_g1	1.748	13.414	4.284
TRINITY_DN696254_c1_g1	0.518	19.91	1.559
TRINITY_DN696282_c4_g1	1.394	46.885	4.282
TRINITY_DN696298_c2_g1	1.815	12.99	5.066
TRINITY_DN696301_c0_g1	7.399	38.282	4.876
TRINITY_DN696327_c0_g1	6.856	80.319	62.777
TRINITY_DN696363_c2_g1	22.96	27.478	214.769
TRINITY_DN696364_c0_g2	28.492	49.572	259.135
TRINITY_DN696440_c4_g6	1.103	6.596	14.565
TRINITY_DN696448_c7_g2	11.139	37.908	109.578
TRINITY_DN696499_c1_g1	1.039	8.677	2.72
TRINITY_DN696500_c2_g1	4.937	63.481	13.655
TRINITY_DN696531_c0_g1	1.336	11.757	3.354
TRINITY_DN696531_c1_g1	17.55	229.87	45.474
TRINITY_DN696535_c4_g2	36.252	215.261	155.817
TRINITY_DN696589_c0_g1	1.695	29.128	3.797
TRINITY_DN696694_c4_g4	1.241	10.998	2.144
TRINITY_DN696713_c3_g2	1.177	16.225	2.623
TRINITY_DN696750_c8_g1	15.952	46.372	108.229
TRINITY_DN696765_c0_g3	1.943	13.532	6.197
TRINITY_DN696806_c9_g1	2.807	88.783	8.031
TRINITY_DN696820_c0_g1	1.902	10.224	1.295
TRINITY_DN696837_c1_g1	27.774	18.253	3.37
TRINITY_DN696854_c0_g1	1.931	14.739	2.9
TRINITY_DN696862_c3_g3	12.567	65.205	137.777
TRINITY_DN696870_c14_g1	1.038	21.393	3.178
TRINITY_DN696897_c1_g3	2.491	11.434	18.878
TRINITY_DN696897_c1_g7	1.202	37.877	2.668
TRINITY_DN696939_c2_g1	4.79	68.191	9.307
TRINITY_DN696959_c18_g1	4.666	163.04	10.996
TRINITY_DN697022_c1_g3	1.447	4.93	13.097
TRINITY_DN697053_c2_g1	0.356	17.415	1.509
TRINITY_DN697055_c11_g1	3.641	11.992	28.763
TRINITY_DN697120_c1_g2	1.1	7.96	18.762
TRINITY_DN697128_c6_g1	1.923	21.065	5.509
TRINITY_DN697150_c9_g1	1.634	12.391	4.602
TRINITY_DN697208_c0_g3	5.866	37.283	10.057
TRINITY_DN697230_c11_g1	0.542	16.53	2.49
TRINITY_DN697245_c0_g1	1.7	36.622	2.831
TRINITY_DN697261_c6_g1	1.348	15.27	1.574
TRINITY_DN697306_c7_g2	1.628	30.331	9.033
TRINITY_DN697320_c2_g4	2.688	66.002	6.058
TRINITY_DN697320_c2_g7	4.408	99.448	24.041
TRINITY_DN697359_c1_g3	0.454	1.565	61.48
TRINITY_DN697359_c2_g1	16.035	8.649	289.448
TRINITY_DN697359_c2_g4	67.359	5.728	0.0
TRINITY_DN697359_c2_g5	76.904	4.228	0.0
TRINITY_DN697360_c2_g1	2.178	24.357	6.688
TRINITY_DN697366_c4_g3	1.563	18.9	1.022
TRINITY_DN697376_c8_g2	2.343	4.939	17.65
TRINITY_DN697386_c1_g2	1.118	8.662	3.061
TRINITY_DN697405_c9_g2	0.163	25.765	3.056
TRINITY_DN697449_c0_g3	1.042	14.146	0.0
TRINITY_DN697502_c13_g1	15.302	74.888	478.5
TRINITY_DN697536_c3_g1	0.95	9.232	1.367
TRINITY_DN697568_c2_g1	1.021	8.611	0.427
TRINITY_DN697578_c2_g2	52.041	3.76	15.935
TRINITY_DN697581_c3_g3	2.834	3.935	42.707
TRINITY_DN697587_c11_g4	0.742	2.271	18.765
TRINITY_DN697587_c11_g9	1.407	7.995	40.48
TRINITY_DN697642_c1_g2	70.773	1.964	4.462
TRINITY_DN697642_c1_g8	1.836	38.554	4.841
TRINITY_DN697762_c5_g1	9.355	7.543	260.204
TRINITY_DN697767_c2_g1	12.681	47.768	135.963
TRINITY_DN697779_c2_g2	12.529	0.106	1.158
TRINITY_DN697779_c3_g1	1.526	72.551	16.647
TRINITY_DN697779_c3_g2	1.802	29.038	4.241
TRINITY_DN697867_c6_g6	34.604	2.105	0.0
TRINITY_DN697899_c0_g1	2.809	1.741	16.304
TRINITY_DN697899_c0_g2	0.717	25.934	1.409
TRINITY_DN697931_c1_g2	4.457	56.466	5.299
TRINITY_DN697939_c1_g2	0.319	9.702	1.248
TRINITY_DN697939_c1_g3	0.32	13.815	1.091
TRINITY_DN697965_c2_g3	2.623	19.763	5.916
TRINITY_DN697969_c4_g6	1.368	20.188	4.457
TRINITY_DN697981_c2_g5	2.486	22.094	8.937
TRINITY_DN697981_c2_g7	20.905	6.369	96.122
TRINITY_DN698054_c1_g1	1.864	15.812	7.555
TRINITY_DN698054_c2_g1	1.912	13.507	2.706
TRINITY_DN698064_c2_g2	2.788	6.255	22.017
TRINITY_DN698064_c2_g5	2.434	15.625	4.101
TRINITY_DN698066_c6_g1	1.695	14.216	2.24
TRINITY_DN698072_c4_g1	5.084	49.405	8.125
TRINITY_DN698086_c9_g3	13.878	32.561	88.849
TRINITY_DN698145_c3_g4	2.077	22.172	5.619
TRINITY_DN698156_c0_g1	2.221	19.203	1.41
TRINITY_DN698259_c3_g1	0.278	37.062	3.648
TRINITY_DN698271_c4_g2	1.411	9.633	1.459
TRINITY_DN698271_c4_g3	4.031	63.671	10.291
TRINITY_DN698272_c3_g1	2.243	14.412	78.163
TRINITY_DN698278_c0_g1	0.963	10.755	1.992
TRINITY_DN698309_c2_g1	4.521	38.295	6.802
TRINITY_DN698312_c3_g1	6.605	25.457	3.486
TRINITY_DN698330_c1_g6	5.873	34.184	22.142
TRINITY_DN698356_c2_g4	0.164	1.329	28.385
TRINITY_DN698374_c1_g1	16.397	125.412	150.362
TRINITY_DN698390_c1_g1	3.157	43.429	5.463
TRINITY_DN698443_c3_g1	2.979	39.964	5.152
TRINITY_DN698452_c14_g1	16.551	37.925	131.414
TRINITY_DN698452_c14_g3	5.858	16.871	95.48
TRINITY_DN698454_c0_g1	2.142	29.094	1.616
TRINITY_DN698454_c0_g2	1.779	18.502	6.08
TRINITY_DN698466_c1_g1	54.838	319.808	208.131
TRINITY_DN698471_c0_g1	1.163	61.335	10.128
TRINITY_DN698471_c2_g2	0.696	21.269	2.403
TRINITY_DN698471_c2_g4	0.689	2.911	19.119
TRINITY_DN698500_c14_g1	3.484	61.605	8.888
TRINITY_DN698582_c0_g2	106.799	630.186	457.242
TRINITY_DN698594_c1_g1	0.839	27.677	3.246
TRINITY_DN698595_c5_g5	0.736	9.485	1.044
TRINITY_DN698603_c2_g1	1.052	9.24	0.761
TRINITY_DN698617_c4_g1	1.623	17.966	3.622
TRINITY_DN698622_c2_g5	0.893	13.75	1.75
TRINITY_DN698666_c0_g2	0.962	31.211	2.548
TRINITY_DN698707_c0_g2	1.747	12.185	2.723
TRINITY_DN698732_c1_g2	2.087	3.393	54.554
TRINITY_DN698750_c14_g1	6.588	72.032	13.7
TRINITY_DN698789_c3_g1	2.187	31.763	5.854
TRINITY_DN698789_c3_g3	2.199	66.464	7.393
TRINITY_DN698789_c3_g6	0.789	24.97	3.064
TRINITY_DN698789_c3_g7	3.849	173.424	20.017
TRINITY_DN698801_c2_g5	5.017	1.188	10.399
TRINITY_DN698801_c2_g6	3.361	15.334	26.082
TRINITY_DN698838_c0_g1	2.332	21.484	5.226
TRINITY_DN698842_c4_g2	1.77	15.266	6.736
TRINITY_DN698849_c4_g3	1.015	15.666	0.837
TRINITY_DN698855_c12_g1	2.951	6.409	59.579
TRINITY_DN698901_c1_g1	5.521	15.338	37.972
TRINITY_DN698901_c2_g1	1.582	14.678	0.866
TRINITY_DN698905_c1_g2	6.943	63.506	17.777
TRINITY_DN698905_c2_g4	2.189	38.521	3.719
TRINITY_DN698908_c2_g1	29.167	163.124	65.921
TRINITY_DN698928_c0_g1	3.605	154.226	17.424
TRINITY_DN698944_c1_g2	1.149	67.659	3.761
TRINITY_DN698947_c0_g1	2.439	21.407	3.119
TRINITY_DN698981_c0_g1	1.008	11.054	2.914
TRINITY_DN699023_c10_g3	2.09	15.88	2.872
TRINITY_DN699062_c6_g2	1.238	13.878	3.832
TRINITY_DN699084_c0_g2	3.817	29.384	7.695
TRINITY_DN699098_c5_g2	1.697	34.516	5.559
TRINITY_DN699105_c0_g2	4.203	71.101	12.695
TRINITY_DN699140_c1_g5	0.0	11.285	1.206
TRINITY_DN699156_c0_g2	1.022	26.553	1.602
TRINITY_DN699159_c0_g1	16.294	12.298	1.206
TRINITY_DN699180_c1_g1	1.342	27.216	5.025
TRINITY_DN699182_c14_g3	1.29	11.826	1.25
TRINITY_DN699216_c2_g1	1.329	15.136	3.529
TRINITY_DN699233_c3_g1	2.565	1.865	301.718
TRINITY_DN699233_c4_g4	1.599	8.131	14.117
TRINITY_DN699250_c1_g2	1.443	1.56	14.325
TRINITY_DN699253_c3_g1	0.675	18.353	2.8
TRINITY_DN699256_c1_g1	0.976	47.475	2.577
TRINITY_DN699259_c1_g1	94.393	11.83	22.641
TRINITY_DN699259_c1_g2	0.666	2.05	17.542
TRINITY_DN699259_c1_g4	1.321	12.079	3.804
TRINITY_DN699331_c8_g2	0.208	22.201	2.275
TRINITY_DN699385_c2_g1	20.698	60.259	210.917
TRINITY_DN699407_c2_g1	6.328	39.229	17.298
TRINITY_DN699413_c1_g1	1.986	22.678	1.71
TRINITY_DN699425_c8_g4	248.879	78.588	497.756
TRINITY_DN699425_c8_g7	4.643	15.406	41.893
TRINITY_DN699431_c0_g1	1.255	41.001	4.087
TRINITY_DN699435_c9_g1	2.168	4.711	19.808
TRINITY_DN699436_c5_g3	1.815	26.604	2.374
TRINITY_DN699437_c0_g2	0.785	39.623	1.728
TRINITY_DN699450_c1_g4	0.939	12.952	5.974
TRINITY_DN699480_c2_g5	8.879	52.675	41.575
TRINITY_DN699482_c2_g2	3.86	12.204	1.084
TRINITY_DN699482_c2_g3	0.557	26.832	3.453
TRINITY_DN699507_c1_g2	3.24	18.448	2.381
TRINITY_DN699570_c3_g2	24.023	1.309	0.472
TRINITY_DN699570_c4_g1	7.634	109.206	36.894
TRINITY_DN699608_c3_g3	5.172	27.714	38.345
TRINITY_DN699617_c1_g2	0.384	12.12	1.17
TRINITY_DN699617_c1_g5	1.437	13.175	1.459
TRINITY_DN699664_c1_g3	13.373	85.909	15.016
TRINITY_DN699677_c2_g1	1.919	17.21	3.042
TRINITY_DN699698_c7_g8	1.073	36.549	2.358
TRINITY_DN699701_c3_g5	1.921	6.491	33.815
TRINITY_DN699701_c3_g8	4.287	11.444	63.663
TRINITY_DN699759_c2_g3	0.364	14.166	1.43
TRINITY_DN699765_c6_g3	2.561	68.752	6.55
TRINITY_DN699782_c2_g1	0.505	12.426	1.158
TRINITY_DN699782_c2_g2	1.228	16.476	1.215
TRINITY_DN699798_c1_g2	1.24	15.482	1.496
TRINITY_DN699850_c1_g1	0.879	32.104	2.059
TRINITY_DN699852_c2_g1	27.442	152.663	51.357
TRINITY_DN699876_c19_g1	1.284	3.881	15.67
TRINITY_DN699885_c11_g1	1.15	39.13	7.645
TRINITY_DN699901_c2_g1	1.67	15.373	1.393
TRINITY_DN699914_c1_g1	0.779	14.982	1.687
TRINITY_DN699922_c8_g6	1.644	15.341	2.806
TRINITY_DN699926_c0_g1	1.486	27.669	1.876
TRINITY_DN699926_c0_g3	0.304	21.012	1.189
TRINITY_DN699932_c1_g4	34.506	100.853	258.353
TRINITY_DN699932_c2_g1	2.182	17.61	4.408
TRINITY_DN699932_c2_g3	6229.485	1228.759	6649.571
TRINITY_DN699934_c6_g1	2.047	55.098	10.529
TRINITY_DN699989_c5_g1	0.82	21.114	3.416
TRINITY_DN699997_c2_g1	2.178	15.014	2.332
TRINITY_DN700011_c2_g1	2.085	21.604	4.422
TRINITY_DN700011_c2_g2	1.648	12.679	3.813
TRINITY_DN700011_c2_g3	1.613	13.259	2.585
TRINITY_DN700015_c0_g3	0.454	19.917	2.861
TRINITY_DN700019_c2_g1	3.519	57.379	8.44
TRINITY_DN700028_c5_g1	2.04	24.358	10.32
TRINITY_DN700063_c0_g3	1.039	20.325	1.567
TRINITY_DN700078_c5_g1	1.593	35.17	3.026
TRINITY_DN700088_c0_g2	0.641	59.506	8.153
TRINITY_DN700088_c0_g3	1.203	55.01	1.492
TRINITY_DN700110_c1_g6	1.229	21.509	5.33
TRINITY_DN700137_c1_g2	0.967	20.154	4.911
TRINITY_DN700137_c1_g3	2.116	26.912	5.461
TRINITY_DN700151_c5_g1	0.405	8.642	1.057
TRINITY_DN700151_c5_g4	0.681	54.442	3.548
TRINITY_DN700151_c5_g6	1.05	14.151	2.504
TRINITY_DN700172_c7_g2	0.244	23.299	3.76
TRINITY_DN700172_c8_g5	0.0	16.625	1.545
TRINITY_DN700190_c2_g1	0.752	32.803	3.184
TRINITY_DN700213_c1_g4	1.516	16.187	0.164
TRINITY_DN700217_c2_g2	1.23	21.496	7.735
TRINITY_DN700217_c2_g3	5.916	15.665	234.241
TRINITY_DN700235_c10_g2	1.009	12.279	2.679
TRINITY_DN700241_c8_g1	0.687	11.167	1.539
TRINITY_DN700242_c1_g1	1.313	15.713	2.444
TRINITY_DN700253_c2_g1	1.043	12.526	1.781
TRINITY_DN700253_c2_g2	0.983	11.339	1.589
TRINITY_DN700276_c0_g1	1.585	17.027	3.584
TRINITY_DN700276_c0_g2	1.283	13.073	0.346
TRINITY_DN700283_c2_g1	1.088	29.373	4.734
TRINITY_DN700314_c3_g4	1.591	20.938	6.94
TRINITY_DN700325_c3_g1	5.721	40.208	14.651
TRINITY_DN700325_c3_g4	2.692	15.657	2.15
TRINITY_DN700334_c3_g4	1.682	26.281	6.272
TRINITY_DN700362_c2_g2	1.153	29.106	3.092
TRINITY_DN700368_c11_g1	11.233	100.92	24.927
TRINITY_DN700368_c12_g2	4.144	24.497	6.472
TRINITY_DN700368_c12_g3	3.272	20.756	7.272
TRINITY_DN700368_c12_g5	2.949	18.401	8.738
TRINITY_DN700459_c5_g3	0.856	18.192	1.196
TRINITY_DN700470_c6_g2	0.931	41.72	3.012
TRINITY_DN700471_c1_g1	1.596	20.247	1.148
TRINITY_DN700475_c3_g1	1.553	12.344	2.224
TRINITY_DN700525_c4_g1	0.215	1.937	27.249
TRINITY_DN700542_c8_g2	0.869	15.91	1.1
TRINITY_DN700542_c8_g3	3.473	48.696	7.147
TRINITY_DN700545_c6_g1	1.532	37.983	3.666
TRINITY_DN700550_c0_g1	1.062	8.458	1.365
TRINITY_DN700564_c18_g8	1.602	4.854	15.091
TRINITY_DN700564_c19_g1	0.525	1.466	11.891
TRINITY_DN700591_c5_g1	1.727	32.994	2.069
TRINITY_DN700591_c5_g2	1.121	13.631	1.875
TRINITY_DN700624_c3_g1	1.036	7.969	4.154
TRINITY_DN700625_c0_g1	1.07	10.41	2.562
TRINITY_DN700657_c9_g1	1.053	9.247	4.312
TRINITY_DN700657_c9_g3	2.663	41.122	6.984
TRINITY_DN700661_c3_g2	1.23	13.757	2.285
TRINITY_DN700691_c16_g1	1.984	63.77	9.0
TRINITY_DN700691_c16_g2	1.338	39.577	4.841
TRINITY_DN700691_c16_g3	1.887	15.964	1.587
